time(s),100057,100055,100350,100353,100061,100058,100062,100060,100059,200354
0.0,3.06854,13.2996,17.0471,6.81152,4.1748,10.849,18.250999999999998,10.4248,5.39246,19.902
0.02,3.07007,13.295,17.0471,6.81,4.17328,10.8566,18.248,10.4202,5.39551,19.9005
0.04,3.07159,13.295,17.0471,6.797789999999999,4.17633,10.8521,18.2632,10.4233,5.39551,19.902
0.06,3.07465,13.3011,17.0456,6.797789999999999,4.1748,10.8551,18.2617,10.4202,5.3817699999999995,19.9005
0.08,3.07007,13.2843,17.0486,6.800839999999999,4.17175,10.8521,18.2602,10.4187,5.3833,19.902
0.1,3.07159,13.2843,17.0364,6.800839999999999,4.17328,10.8521,18.2617,10.4218,5.38483,19.9036
0.12,3.07312,13.2843,17.0319,6.800839999999999,4.17328,10.8475,18.2617,10.4111,5.3833,19.8883
0.14,3.07007,13.2843,17.0349,6.80237,4.1748,10.8475,18.2617,10.408,5.38483,19.8868
0.16,3.07312,13.2812,17.0349,6.797789999999999,4.17633,10.849,18.2632,10.4095,5.38025,19.8868
0.18,3.07159,13.2812,17.0334,6.79626,4.17786,10.8383,18.2632,10.4065,5.3817699999999995,19.8791
0.2,3.07007,13.2889,17.0319,6.79626,4.17633,10.8383,18.2632,10.4065,5.3817699999999995,19.8776
0.22,3.07159,13.2843,17.0319,6.79932,4.1748,10.8246,18.2632,10.3958,5.3833,19.8776
0.24,3.06854,13.2858,17.0334,6.79932,4.17328,10.8261,18.2602,10.3958,5.3817699999999995,19.8746
0.26,3.07007,13.2843,17.0334,6.78863,4.17328,10.8139,18.2617,10.3958,5.3817699999999995,19.8624
0.28,3.07007,13.2858,17.038,6.78711,4.17175,10.8124,18.2602,10.3958,5.3833,19.8624
0.3,3.06854,13.2858,17.0334,6.78863,4.1748,10.8139,18.2632,10.3821,5.3726199999999995,19.8654
0.32,3.07007,13.2858,17.0364,6.78711,4.17175,10.8032,18.2587,10.379000000000001,5.3726199999999995,19.8624
0.34,3.06702,13.2843,17.0334,6.78711,4.17328,10.8017,18.2602,10.3851,5.3695699999999995,19.87
0.36,3.07312,13.2736,17.0242,6.78558,4.1748,10.8017,18.2632,10.3714,5.3695699999999995,19.8761
0.38,3.07312,13.2736,17.0212,6.78558,4.17328,10.7986,18.2617,10.3729,5.3695699999999995,19.8791
0.4,3.07159,13.2721,17.0212,6.78711,4.15955,10.8032,18.2755,10.3714,5.368040000000001,19.8791
0.42,3.07312,13.2721,17.0242,6.78406,4.16565,10.7986,18.2755,10.3592,5.368040000000001,19.873
0.44,3.07007,13.2782,17.0227,6.78863,4.15955,10.8017,18.2755,10.3607,5.371090000000001,19.8776
0.46,3.07159,13.2721,17.0242,6.78863,4.16107,10.7986,18.2755,10.3622,5.3695699999999995,19.8868
0.48,3.07312,13.2751,17.0227,6.79016,4.16412,10.8032,18.2755,10.3485,5.35889,19.8914
0.5,3.06702,13.2736,17.0258,6.78863,4.15955,10.8017,18.2739,10.347000000000001,5.35583,19.8898
0.52,3.07159,13.2736,17.0227,6.78558,4.16412,10.8002,18.2724,10.347000000000001,5.35889,19.8883
0.54,3.07159,13.2599,17.0273,6.77338,4.16107,10.788,18.2739,10.347000000000001,5.35736,19.8868
0.56,3.07465,13.2599,17.0227,6.77643,4.1626,10.7895,18.2739,10.3333,5.35736,19.8853
0.58,3.07312,13.2614,17.0242,6.77185,4.16412,10.7864,18.2739,10.3363,5.35889,19.8776
0.6,3.07007,13.2614,17.0227,6.7749,4.1626,10.7864,18.2755,10.3333,5.35889,19.8761
0.62,3.06854,13.2599,17.0181,6.7749,4.15955,10.7864,18.2724,10.3394,5.36194,19.8776
0.64,3.05786,13.2599,17.0212,6.77338,4.16565,10.788,18.2739,10.3195,5.35736,19.8639
0.66,3.05939,13.2599,17.0212,6.77643,4.16565,10.788,18.2739,10.3226,5.35889,19.8624
0.68,3.05786,13.2599,17.0227,6.76117,4.15955,10.788,18.2739,10.321,5.35889,19.8532
0.7,3.05939,13.2462,17.0227,6.76422,4.16107,10.788,18.2831,10.3256,5.34515,19.8517
0.72,3.05633,13.2492,17.0242,6.76117,4.16717,10.788,18.2831,10.3104,5.34668,19.840999999999998
0.74,3.05939,13.2446,17.0135,6.762689999999999,4.16565,10.790999999999999,18.2877,10.3104,5.34515,19.8288
0.76,3.07159,13.2446,17.009,6.76117,4.16565,10.7895,18.2907,10.3134,5.34668,19.8273
0.78,3.05633,13.2477,17.0105,6.762689999999999,4.16412,10.7895,18.2861,10.3088,5.34668,19.8273
0.8,3.05481,13.2477,17.009,6.76117,4.16412,10.790999999999999,18.2877,10.2966,5.34515,19.8135
0.82,3.05786,13.2492,17.0105,6.76117,4.15955,10.788,18.2877,10.2966,5.34668,19.8151
0.84,3.05633,13.2492,17.009,6.76117,4.15955,10.790999999999999,18.2861,10.2982,5.34363,19.8151
0.86,3.06091,13.2339,17.009,6.762689999999999,4.16412,10.7864,18.2861,10.2982,5.34515,19.8029
0.88,3.06091,13.2339,17.012,6.76575,4.16412,10.7773,18.2846,10.2859,5.34515,19.8029
0.9,3.05481,13.2385,17.0135,6.753539999999999,4.15955,10.7742,18.2846,10.2844,5.33295,19.8044
0.92,3.05786,13.2355,17.0105,6.747439999999999,4.16107,10.7666,18.2892,10.2814,5.33142,19.8013
0.94,3.05786,13.2202,17.009,6.75201,4.15344,10.7544,18.2831,10.2829,5.33447,19.8044
0.96,3.05633,13.2217,17.012,6.74896,4.14886,10.7513,18.2861,10.2722,5.33447,19.8044
0.98,3.05633,13.2233,17.012,6.74591,4.14581,10.7376,18.2907,10.2737,5.336,19.8029
1.0,3.05633,13.2248,17.0135,6.750489999999999,4.15192,10.7407,18.2877,10.2768,5.33295,19.8029
1.02,3.05939,13.2248,17.0105,6.75201,4.14886,10.7407,18.2877,10.2692,5.33295,19.8013
1.04,3.05786,13.2126,17.0135,6.74591,4.15039,10.7407,18.2816,10.2722,5.33447,19.8013
1.06,3.05939,13.2126,17.009,6.750489999999999,4.15192,10.7269,18.2861,10.26,5.33295,19.8029
1.08,3.05786,13.2095,16.9983,6.747439999999999,4.14886,10.7269,18.2877,10.2615,5.33142,19.8029
1.1,3.05939,13.2095,16.9952,6.75201,4.14734,10.7285,18.2846,10.2615,5.33447,19.8013
1.12,3.05786,13.2111,16.9998,6.747439999999999,4.15039,10.7269,18.2983,10.2615,5.33295,19.8029
1.14,3.06091,13.2111,16.9983,6.747439999999999,4.15039,10.7285,18.2999,10.2478,5.33142,19.7983
1.16,3.05939,13.2095,16.9983,6.753539999999999,4.14886,10.7269,18.3014,10.2509,5.33142,19.8013
1.18,3.05786,13.2111,16.9998,6.74591,4.15039,10.7269,18.3029,10.2524,5.32074,19.8029
1.2,3.05786,13.2095,16.9968,6.73675,4.14886,10.7254,18.2999,10.2371,5.32074,19.8029
1.22,3.05633,13.2111,16.9968,6.7382800000000005,4.14886,10.7269,18.2983,10.2356,5.31921,19.8013
1.24,3.05939,13.1973,16.9968,6.7382800000000005,4.14734,10.7269,18.2968,10.2356,5.32227,19.8029
1.26,3.05939,13.1989,16.9998,6.73981,4.15039,10.7254,18.2999,10.2371,5.32074,19.8029
1.28,3.05786,13.1989,16.9952,6.73675,4.15344,10.7285,18.2999,10.2249,5.32074,19.8013
1.3,3.06244,13.1989,16.9983,6.73675,4.15192,10.7376,18.3014,10.2219,5.32074,19.7891
1.32,3.06091,13.1989,16.9998,6.7382800000000005,4.14581,10.7437,18.2983,10.2219,5.32227,19.7876
1.34,3.05786,13.2004,16.9983,6.73675,4.15192,10.7422,18.3014,10.2264,5.32074,19.7891
1.36,3.05786,13.2004,16.9968,6.73981,4.15039,10.7391,18.2983,10.2112,5.30701,19.7784
1.38,3.05786,13.1989,16.9968,6.7352300000000005,4.15649,10.7529,18.2938,10.2081,5.30853,19.7784
1.4,3.05633,13.1943,16.9968,6.7413300000000005,4.15192,10.7513,18.3136,10.2142,5.30701,19.7784
1.42,3.05786,13.1989,16.9968,6.7276,4.14734,10.7513,18.3121,10.2127,5.31158,19.7662
1.44,3.05786,13.1866,17.0013,6.72607,4.15344,10.7635,18.3121,10.1959,5.30853,19.7647
1.46,3.05786,13.1882,16.9952,6.72607,4.15039,10.762,18.3136,10.2036,5.30701,19.754
1.48,3.06091,13.1851,16.9968,6.72607,4.15039,10.7788,18.3121,10.2005,5.30701,19.7556
1.5,3.05633,13.1866,16.9876,6.72455,4.15192,10.7773,18.309,10.202,5.31006,19.750999999999998
1.52,3.06091,13.1836,16.9876,6.7276,4.15192,10.7895,18.3121,10.1868,5.30701,19.754
1.54,3.05481,13.1851,16.9861,6.72607,4.13971,10.7986,18.3136,10.1883,5.30853,19.7388
1.56,3.05633,13.1866,16.9861,6.72607,4.13666,10.8002,18.3105,10.1883,5.31158,19.7418
1.58,3.05481,13.1897,16.9907,6.71387,4.13666,10.8139,18.3258,10.1868,5.31006,19.7388
1.6,3.06091,13.1744,16.9861,6.71692,4.14123,10.8139,18.3228,10.1883,5.31158,19.7418
1.62,3.05939,13.175999999999998,16.9876,6.71387,4.13818,10.8276,18.3228,10.1761,5.29785,19.7418
1.64,3.05786,13.175999999999998,16.9861,6.715389999999999,4.13818,10.8246,18.3243,10.1746,5.29938,19.7388
1.66,3.05786,13.1729,16.9846,6.71387,4.14123,10.8261,18.3258,10.1761,5.29633,19.7403
1.68,3.05786,13.1775,16.9891,6.712339999999999,4.13818,10.8368,18.3243,10.1746,5.2948,19.7418
1.7,3.05939,13.1744,16.9861,6.71387,4.13666,10.8383,18.3212,10.1761,5.3009,19.7418
1.72,3.05939,13.1744,16.9846,6.71387,4.14123,10.8398,18.3228,10.1639,5.29633,19.7418
1.74,3.05786,13.1714,16.9739,6.712339999999999,4.13818,10.8551,18.3228,10.1624,5.29785,19.7418
1.76,3.05939,13.1866,16.9739,6.712339999999999,4.13818,10.8505,18.3228,10.1639,5.29785,19.7403
1.78,3.05786,13.1851,16.9724,6.71081,4.13513,10.8673,18.3228,10.1608,5.2948,19.7372
1.8,3.06091,13.1866,16.9754,6.71387,4.14276,10.8658,18.3243,10.1654,5.2948,19.7296
1.82,3.05786,13.1882,16.9739,6.70471,4.14123,10.8765,18.3228,10.1593,5.2948,19.7281
1.84,3.05786,13.1882,16.9724,6.69861,4.13971,10.8887,18.3365,10.1532,5.29633,19.7266
1.86,3.05633,13.1897,16.9693,6.703189999999999,4.13971,10.9009,18.3365,10.1517,5.2948,19.7159
1.88,3.05633,13.1882,16.9754,6.697080000000001,4.13513,10.9116,18.3365,10.1532,5.28564,19.7174
1.9,3.05786,13.1882,16.9739,6.70166,4.14123,10.9207,18.3365,10.1547,5.28259,19.7311
1.92,3.05633,13.2004,16.9739,6.68945,4.13818,10.9375,18.3365,10.1501,5.28564,19.7281
1.94,3.05786,13.1958,16.9769,6.690980000000001,4.13971,10.9482,18.335,10.1517,5.28107,19.7418
1.96,3.05786,13.1989,16.9724,6.687930000000001,4.13818,10.9482,18.3365,10.1532,5.28564,19.7403
1.98,3.06091,13.2004,16.9754,6.687930000000001,4.13971,10.9619,18.3365,10.1501,5.28564,19.7525
2.0,3.05939,13.1989,16.9724,6.687930000000001,4.13818,10.9833,18.335,10.1501,5.28412,19.754
2.02,3.05786,13.2004,16.9632,6.687930000000001,4.13666,10.997,18.3334,10.141,5.28564,19.7525
2.04,3.05633,13.1943,16.9617,6.687930000000001,4.13666,11.0092,18.3365,10.1379,5.28564,19.7388
2.06,3.05939,13.2004,16.9601,6.68487,4.13513,11.0199,18.3334,10.1395,5.28717,19.7433
2.08,3.05939,13.1989,16.9571,6.687930000000001,4.14276,11.0321,18.3411,10.141,5.28107,19.7388
2.1,3.05633,13.1989,16.9617,6.68945,4.13513,11.0321,18.335,10.1379,5.28107,19.7327
2.12,3.05786,13.1989,16.9617,6.690980000000001,4.13818,11.0458,18.335,10.1379,5.27039,19.7296
2.14,3.05786,13.1989,16.9601,6.690980000000001,4.13513,11.0611,18.335,10.1379,5.27191,19.7189
2.16,3.05939,13.1989,16.9632,6.68945,4.13971,11.0687,18.338,10.1364,5.27191,19.7052
2.18,3.05786,13.1973,16.9617,6.67725,4.13818,11.084000000000001,18.3334,10.1425,5.27191,19.692999999999998
2.2,3.05939,13.1866,16.9632,6.67725,4.13818,11.087,18.3472,10.1379,5.27039,19.6671
2.22,3.05939,13.1882,16.9601,6.6803,4.13818,11.0931,18.3456,10.1379,5.27191,19.6533
2.24,3.05786,13.1882,16.9632,6.67572,4.13666,11.1069,18.3502,10.1273,5.27191,19.6335
2.26,3.05481,13.1836,16.9601,6.674189999999999,4.14123,11.116,18.3487,10.1273,5.27344,19.6075
2.28,3.05939,13.1866,16.9617,6.67877,4.13666,11.1221,18.3487,10.1257,5.27191,19.5908
2.3,3.05939,13.1882,16.9617,6.67725,4.13818,11.1282,18.3472,10.1273,5.27191,19.5679
2.32,3.05939,13.1897,16.9617,6.668089999999999,4.13666,11.142000000000001,18.3456,10.1257,5.25818,19.5572
2.34,3.05939,13.1866,16.9479,6.665039999999999,4.13971,11.145,18.3487,10.1257,5.25818,19.5587
2.36,3.05786,13.1821,16.9479,6.6635100000000005,4.13513,11.1465,18.3487,10.1257,5.25818,19.5541
2.38,3.05786,13.175999999999998,16.9495,6.6665600000000005,4.13818,11.1557,18.3472,10.1257,5.26123,19.5587
2.4,3.05633,13.1729,16.9464,6.661989999999999,4.13666,11.1557,18.3487,10.1227,5.25818,19.5572
2.42,3.05786,13.1729,16.9495,6.6635100000000005,4.13971,11.1572,18.3487,10.1288,5.25665,19.5587
2.44,3.06244,13.1729,16.9479,6.6635100000000005,4.13971,11.1465,18.3517,10.1273,5.25818,19.5557
2.46,3.05939,13.1775,16.951,6.6665600000000005,4.13361,11.145,18.3517,10.1257,5.26123,19.5694
2.48,3.05786,13.1744,16.9479,6.665039999999999,4.13818,11.142000000000001,18.3502,10.1257,5.26123,19.5938
2.5,3.05481,13.1744,16.9449,6.665039999999999,4.13208,11.1465,18.3502,10.1242,5.2597,19.6045
2.52,3.04718,13.175999999999998,16.9525,6.661989999999999,4.13666,11.1404,18.3502,10.1288,5.26123,19.6075
2.54,3.04718,13.175999999999998,16.9373,6.665039999999999,4.13818,11.1404,18.3487,10.1135,5.24597,19.605999999999998
2.56,3.04718,13.175999999999998,16.9342,6.649780000000001,4.14429,11.1465,18.3456,10.1151,5.25207,19.602999999999998
2.58,3.04565,13.175999999999998,16.9357,6.652830000000001,4.13666,11.1435,18.3487,10.1151,5.24597,19.5908
2.6,3.04565,13.1744,16.9357,6.652830000000001,4.14123,11.1465,18.3487,10.1151,5.2475,19.5923
2.62,3.04565,13.175999999999998,16.9342,6.6513100000000005,4.12598,11.1572,18.3502,10.1151,5.24902,19.5938
2.64,3.04718,13.175999999999998,16.9342,6.655880000000001,4.12598,11.1557,18.3502,10.1166,5.24445,19.5938
2.66,3.04565,13.1897,16.9373,6.655880000000001,4.12598,11.1557,18.3624,10.1166,5.24902,19.5923
2.68,3.04565,13.1851,16.9373,6.6543600000000005,4.13055,11.1572,18.3578,10.112,5.2475,19.5938
2.7,3.04718,13.1866,16.9388,6.6513100000000005,4.12445,11.1557,18.3578,10.112,5.24902,19.5908
2.72,3.04718,13.1897,16.9357,6.649780000000001,4.12445,11.1588,18.3624,10.1166,5.24597,19.5816
2.74,3.05023,13.1836,16.9342,6.652830000000001,4.12445,11.1572,18.3624,10.1135,5.2475,19.5694
2.76,3.04718,13.1973,16.9235,6.6543600000000005,4.12445,11.1557,18.3594,10.1166,5.23834,19.5435
2.78,3.04413,13.2019,16.9235,6.646730000000001,4.1275,11.1603,18.3609,10.1135,5.23529,19.5328
2.8,3.04871,13.2004,16.9205,6.649780000000001,4.12598,11.1572,18.3624,10.1151,5.23834,19.5206
2.82,3.04718,13.1973,16.9235,6.652830000000001,4.12598,11.1588,18.3609,10.1135,5.23529,19.5068
2.84,3.05176,13.2034,16.9235,6.652830000000001,4.12598,11.1572,18.3624,10.1028,5.23834,19.4855
2.86,3.04718,13.1973,16.925,6.652830000000001,4.13055,11.1542,18.3609,10.1044,5.23529,19.4702
2.88,3.04565,13.1958,16.9266,6.6391,4.1275,11.1679,18.3609,10.1028,5.23529,19.4702
2.9,3.04718,13.2095,16.9235,6.6391,4.1275,11.1694,18.3578,10.1013,5.23682,19.4717
2.92,3.04718,13.2111,16.925,6.640619999999999,4.1275,11.1725,18.3609,10.1044,5.23834,19.4733
2.94,3.04871,13.2126,16.9266,6.6391,4.12903,11.1694,18.3609,10.1013,5.23529,19.4824
2.96,3.04413,13.2095,16.9235,6.640619999999999,4.12445,11.1725,18.3563,10.1028,5.22461,19.4962
2.98,3.04718,13.2126,16.925,6.6391,4.12598,11.171,18.3624,10.1028,5.22308,19.5221
3.0,3.04565,13.2095,16.9266,6.6391,4.12445,11.171,18.364,10.1044,5.22308,19.5465
3.02,3.04565,13.2095,16.9266,6.6391,4.1275,11.171,18.3624,10.1028,5.22156,19.5572
3.04,3.04871,13.2126,16.925,6.640619999999999,4.12445,11.1679,18.3609,10.1013,5.22003,19.5679
3.06,3.04565,13.2141,16.9235,6.6391,4.12445,11.1679,18.3609,10.1044,5.22308,19.5679
3.08,3.04718,13.2141,16.9235,6.628419999999999,4.12292,11.1557,18.3578,10.1059,5.22003,19.5572
3.1,3.04565,13.2111,16.9113,6.6299399999999995,4.1214,11.1588,18.3609,10.0891,5.22461,19.5465
3.12,3.04565,13.2111,16.9113,6.6299399999999995,4.12445,11.1435,18.3578,10.0891,5.22156,19.5343
3.14,3.04718,13.2111,16.9083,6.6238399999999995,4.1275,11.1481,18.3701,10.0891,5.22461,19.5206
3.16,3.04718,13.2111,16.9144,6.628419999999999,4.12292,11.1328,18.3701,10.0922,5.22308,19.5099
3.18,3.04565,13.2111,16.9113,6.625369999999999,4.1275,11.1298,18.3731,10.0922,5.21088,19.5099
3.2,3.04871,13.2111,16.9113,6.628419999999999,4.1275,11.1221,18.3731,10.0876,5.21088,19.4977
3.22,3.04413,13.2111,16.9144,6.6299399999999995,4.12903,11.1069,18.3731,10.0906,5.2124,19.4962
3.24,3.04718,13.2141,16.9113,6.6299399999999995,4.12445,11.1084,18.3746,10.0845,5.20935,19.4946
3.26,3.04565,13.2111,16.9113,6.6299399999999995,4.1275,11.1069,18.3746,10.0891,5.21088,19.5084
3.28,3.04718,13.2095,16.9022,6.6299399999999995,4.12598,11.0931,18.3701,10.0937,5.21088,19.5236
3.3,3.04718,13.2111,16.8991,6.634519999999999,4.11682,11.0977,18.3746,10.0906,5.21088,19.5328
3.32,3.04565,13.2126,16.9006,6.631469999999999,4.11224,11.0962,18.3716,10.0922,5.20935,19.5435
3.34,3.04413,13.2111,16.8991,6.6299399999999995,4.11377,11.0931,18.3716,10.0769,5.21088,19.545
3.36,3.04718,13.2095,16.9006,6.616210000000001,4.11835,11.0931,18.3731,10.083,5.20782,19.5572
3.38,3.04718,13.2141,16.9022,6.6177399999999995,4.11529,11.0962,18.3746,10.0784,5.20019,19.5465
3.4,3.0426,13.1973,16.9006,6.6177399999999995,4.11377,11.0916,18.3731,10.0784,5.20019,19.5419
3.42,3.04413,13.2004,16.8991,6.616210000000001,4.11529,11.0825,18.3716,10.0784,5.20019,19.5343
3.44,3.05023,13.1973,16.8991,6.6177399999999995,4.11224,11.0825,18.3731,10.0784,5.19867,19.5206
3.46,3.04565,13.2004,16.9006,6.6177399999999995,4.11377,11.0794,18.3716,10.0769,5.19562,19.5099
3.48,3.04565,13.1973,16.8991,6.616210000000001,4.11072,11.084000000000001,18.3716,10.0769,5.20325,19.4962
3.5,3.04565,13.2004,16.8869,6.61468,4.11682,11.0687,18.3716,10.0632,5.19867,19.4839
3.52,3.04565,13.2004,16.8915,6.6177399999999995,4.11529,11.0703,18.3731,10.0647,5.19562,19.4778
3.54,3.04565,13.1989,16.8869,6.61468,4.11224,11.0718,18.3762,10.0647,5.19867,19.4687
3.56,3.04718,13.1973,16.8869,6.616210000000001,4.11377,11.0718,18.3731,10.0677,5.19714,19.4611
3.58,3.04718,13.1973,16.8884,6.6177399999999995,4.11377,11.0703,18.3716,10.0647,5.19714,19.4595
3.6,3.04871,13.2004,16.8854,6.616210000000001,4.11377,11.0733,18.3731,10.054,5.18646,19.4595
3.62,3.04718,13.2004,16.8869,6.6177399999999995,4.11072,11.0703,18.3868,10.0525,5.18494,19.4473
3.64,3.04871,13.1989,16.8869,6.61468,4.11529,11.0596,18.3853,10.0525,5.18494,19.4427
3.66,3.04871,13.2019,16.8869,6.6177399999999995,4.11529,11.058,18.3823,10.0571,5.18799,19.4595
3.68,3.04413,13.1958,16.8869,6.619260000000001,4.11529,11.058,18.3823,10.0571,5.18494,19.4626
3.7,3.04565,13.1958,16.8716,6.604,4.11377,11.0565,18.3853,10.054,5.18951,19.4595
3.72,3.04565,13.1989,16.8732,6.607060000000001,4.11224,11.058,18.3853,10.0525,5.18646,19.4717
3.74,3.04718,13.2004,16.8747,6.607060000000001,4.11682,11.058,18.3868,10.054,5.1757800000000005,19.4733
3.76,3.05023,13.1943,16.8777,6.607060000000001,4.11377,11.055,18.3823,10.0418,5.1696800000000005,19.4855
3.78,3.04871,13.1973,16.8747,6.60858,4.11224,11.0596,18.3838,10.0418,5.1727300000000005,19.4824
3.8,3.04413,13.2004,16.8747,6.60553,4.11072,11.0565,18.3838,10.0403,5.17425,19.4839
3.82,3.04565,13.2126,16.8747,6.60553,4.11682,11.0596,18.3868,10.0449,5.15747,19.4839
3.84,3.04413,13.2126,16.8716,6.607060000000001,4.11529,11.0474,18.3853,10.0403,5.16052,19.487000000000002
3.86,3.04718,13.2095,16.8777,6.593319999999999,4.11224,11.0443,18.3868,10.0449,5.16205,19.4824
3.88,3.04718,13.2095,16.8762,6.5918,4.11377,11.0321,18.3823,10.0433,5.16357,19.4839
3.9,3.04871,13.2111,16.8777,6.5918,4.11224,11.0229,18.3868,10.0433,5.16205,19.4717
3.92,3.0426,13.2095,16.8655,6.59485,4.11224,11.0245,18.3853,10.0418,5.16205,19.4626
3.94,3.03345,13.2111,16.8625,6.5918,4.09851,11.0107,18.3823,10.0388,5.16357,19.4443
3.96,3.03192,13.2141,16.864,6.59485,4.10156,10.997,18.3853,10.0296,5.16205,19.4321
3.98,3.03345,13.2126,16.864,6.5918,4.10309,10.9955,18.3823,10.0265,5.16357,19.4229
4.0,3.03192,13.2095,16.8625,6.593319999999999,4.10004,10.9848,18.3838,10.0281,5.1483099999999995,19.4107
4.02,3.03192,13.2248,16.8625,6.59485,4.10156,10.9817,18.3823,10.0296,5.14984,19.397000000000002
4.04,3.03345,13.2233,16.8594,6.590269999999999,4.10004,10.9726,18.3838,10.0296,5.15137,19.3863
4.06,3.0365,13.2233,16.8671,6.596369999999999,4.10461,10.9711,18.3838,10.0281,5.14984,19.3726
4.08,3.03345,13.2248,16.8671,6.593319999999999,4.10004,10.9695,18.3823,10.0281,5.1483099999999995,19.371
4.1,3.0365,13.2248,16.8625,6.593319999999999,4.10309,10.9711,18.3853,10.0281,5.1483099999999995,19.3634
4.12,3.03802,13.2263,16.8518,6.581119999999999,4.10004,10.9726,18.3853,10.0296,5.1483099999999995,19.3619
4.14,3.03345,13.2217,16.8503,6.58264,4.10309,10.9711,18.3853,10.0159,5.14984,19.3604
4.16,3.0365,13.2248,16.8518,6.58264,4.10309,10.9711,18.3853,10.0159,5.1483099999999995,19.3619
4.18,3.03345,13.2248,16.8503,6.57959,4.10004,10.9604,18.3792,10.0204,5.15137,19.3604
4.2,3.0365,13.2233,16.8503,6.57654,4.10156,10.9558,18.3853,10.0159,5.14679,19.3741
4.22,3.0365,13.2233,16.8533,6.57959,4.10156,10.9619,18.3853,10.0204,5.1452599999999995,19.3741
4.24,3.03802,13.2217,16.8533,6.57654,4.10156,10.9619,18.3838,10.0143,5.1361099999999995,19.3832
4.26,3.03497,13.2233,16.8503,6.58264,4.10004,10.9604,18.3853,10.0189,5.137630000000001,19.3863
4.28,3.03802,13.2263,16.8503,6.58264,4.10461,10.9619,18.3838,10.0159,5.1391599999999995,19.3985
4.3,3.03345,13.2233,16.8381,6.58264,4.09851,10.9634,18.3868,10.0159,5.14069,19.4
4.32,3.0365,13.2141,16.8396,6.581119999999999,4.10156,10.9451,18.3853,10.0189,5.1391599999999995,19.4138
4.34,3.03345,13.2111,16.8381,6.57959,4.10461,10.9467,18.3838,10.0143,5.1391599999999995,19.4107
4.36,3.03039,13.2126,16.8396,6.584169999999999,4.08935,10.9497,18.3853,10.0037,5.1391599999999995,19.4122
4.38,3.03955,13.2111,16.8442,6.581119999999999,4.08783,10.9482,18.3853,10.0082,5.14069,19.4092
4.4,3.03497,13.2111,16.8365,6.58264,4.09088,10.9497,18.3838,10.0067,5.1361099999999995,19.4107
4.42,3.03345,13.2126,16.8411,6.58264,4.09088,10.9482,18.3823,10.0067,5.1361099999999995,19.4107
4.44,3.03192,13.2156,16.8396,6.58264,4.09241,10.9482,18.3823,10.0052,5.125430000000001,19.4122
4.46,3.03497,13.2111,16.8381,6.57959,4.09241,10.9467,18.3823,10.0052,5.12695,19.3985
4.48,3.03345,13.2004,16.8274,6.57043,4.08935,10.9467,18.3838,10.0067,5.1239,19.3985
4.5,3.0365,13.1973,16.8243,6.568910000000001,4.08935,10.9528,18.3823,10.0052,5.12695,19.3863
4.52,3.03345,13.2019,16.8289,6.568910000000001,4.08935,10.9497,18.3838,10.0037,5.12695,19.3893
4.54,3.03497,13.1989,16.8259,6.56433,4.0863,10.9482,18.3853,9.99145,5.12237,19.3863
4.56,3.02887,13.2004,16.8243,6.565860000000001,4.09088,10.9497,18.3853,9.992980000000001,5.128480000000001,19.3756
4.58,3.03497,13.1989,16.8274,6.57043,4.09088,10.9451,18.3838,9.9884,5.12237,19.3756
4.6,3.03497,13.1989,16.8259,6.56738,4.09241,10.936,18.3853,9.99145,5.1239,19.3619
4.62,3.03802,13.2004,16.8274,6.5567,4.09088,10.939,18.3838,9.99145,5.128480000000001,19.3451
4.64,3.03345,13.1958,16.8274,6.5567,4.08935,10.9253,18.3945,9.99451,5.11322,19.3497
4.66,3.03039,13.1989,16.8274,6.55518,4.09241,10.9268,18.3929,9.992980000000001,5.11169,19.3375
4.68,3.03192,13.1989,16.8137,6.55823,4.08935,10.91,18.399,9.992980000000001,5.11475,19.339000000000002
4.7,3.03497,13.1866,16.8152,6.55823,4.08935,10.9131,18.399,9.9884,5.11475,19.3237
4.72,3.02429,13.1836,16.8152,6.55975,4.08783,10.8978,18.3975,9.97925,5.11017,19.3283
4.74,3.02277,13.1866,16.8137,6.55975,4.09241,10.8994,18.396,9.97772,5.11475,19.3237
4.76,3.02429,13.1851,16.8152,6.55518,4.09088,10.9009,18.396,9.98077,5.11627,19.3359
4.78,3.01971,13.1882,16.8167,6.55823,4.08935,10.8856,18.3975,9.98077,5.11627,19.3359
4.8,3.01971,13.1866,16.8167,6.55823,4.08783,10.8887,18.3945,9.97925,5.11627,19.3497
4.82,3.02124,13.1866,16.8137,6.55975,4.07715,10.8902,18.396,9.97925,5.11627,19.3604
4.84,3.02277,13.1866,16.8137,6.55823,4.07562,10.8841,18.3929,9.98077,5.10254,19.3619
4.86,3.02277,13.1866,16.8182,6.5429699999999995,4.07562,10.8871,18.3945,9.967039999999999,5.10101,19.3726
4.88,3.01971,13.1882,16.8167,6.5460199999999995,4.07867,10.8871,18.399,9.96857,5.10254,19.3863
4.9,3.02277,13.1866,16.8152,6.5460199999999995,4.0802,10.8871,18.3975,9.967039999999999,5.09949,19.3863
4.92,3.02277,13.1882,16.7999,6.544490000000001,4.0802,10.8887,18.3975,9.96551,5.10101,19.3985
4.94,3.02124,13.1897,16.8015,6.541440000000001,4.08173,10.8902,18.3975,9.96551,5.10101,19.4015
4.96,3.02124,13.1866,16.8045,6.544490000000001,4.07867,10.8871,18.396,9.967039999999999,5.10101,19.4
4.98,3.02124,13.1866,16.8045,6.5429699999999995,4.07715,10.8871,18.396,9.96857,5.10254,19.3985
5.0,3.02277,13.1882,16.8015,6.5429699999999995,4.0802,10.8749,18.3975,9.95941,5.09949,19.397000000000002
5.02,3.02277,13.1851,16.803,6.5460199999999995,4.0802,10.8734,18.3945,9.95636,5.10406,19.3985
5.04,3.02124,13.1866,16.8045,6.544490000000001,4.07867,10.8749,18.399,9.957889999999999,5.10101,19.3878
5.06,3.02124,13.1882,16.7984,6.5490699999999995,4.07715,10.8765,18.3975,9.95941,5.08881,19.3863
5.08,3.02429,13.1866,16.7938,6.544490000000001,4.0802,10.878,18.3945,9.954830000000001,5.090330000000001,19.3771
5.1,3.02124,13.1882,16.7938,6.53381,4.07867,10.878,18.3975,9.960939999999999,5.087280000000001,19.3649
5.12,3.02277,13.1744,16.7892,6.52924,4.07715,10.8765,18.4021,9.95178,5.08575,19.3634
5.14,3.02277,13.1744,16.7892,6.53381,4.07715,10.8734,18.396,9.9472,5.087280000000001,19.3405
5.16,3.02124,13.1729,16.7938,6.53229,4.07867,10.8734,18.396,9.9411,5.087280000000001,19.3222
5.18,3.01819,13.1729,16.7786,6.53076,4.06799,10.878,18.3929,9.94415,5.08881,19.3115
5.2,3.02124,13.1729,16.7801,6.53076,4.06341,10.8734,18.396,9.94263,5.090330000000001,19.2978
5.22,3.02582,13.1729,16.7831,6.53534,4.06341,10.878,18.3945,9.94568,5.08575,19.2764
5.24,3.02277,13.1714,16.7786,6.53076,4.06647,10.8765,18.3945,9.93957,5.090330000000001,19.2657
5.26,3.02429,13.1729,16.7725,6.53229,4.06799,10.8765,18.396,9.93957,5.07965,19.2505
5.28,3.02124,13.1744,16.7694,6.52924,4.06647,10.8765,18.3945,9.93195,5.0766,19.2352
5.3,3.02277,13.1714,16.7664,6.53076,4.06341,10.8627,18.399,9.93347,5.0766,19.2368
5.32,3.01971,13.1714,16.7648,6.51855,4.06341,10.8643,18.3945,9.93347,5.075069999999999,19.2398
5.34,3.02124,13.1592,16.7694,6.52313,4.06494,10.8612,18.3945,9.93347,5.075069999999999,19.2413
5.36,3.02124,13.1592,16.7679,6.52161,4.06494,10.8475,18.4006,9.93195,5.078119999999999,19.249000000000002
5.38,3.02124,13.1592,16.7648,6.51855,4.06647,10.849,18.3975,9.93042,5.078119999999999,19.2505
5.4,3.02277,13.1607,16.7648,6.52313,4.06189,10.8368,18.3975,9.91974,5.0766,19.2612
5.42,3.01971,13.1607,16.7664,6.51855,4.06341,10.8353,18.3945,9.91821,5.0766,19.2642
5.44,3.02277,13.1622,16.7587,6.5033,4.06494,10.8246,18.3975,9.91669,5.075069999999999,19.2749
5.46,3.02124,13.1638,16.7541,6.50787,4.06799,10.8261,18.4006,9.91821,5.06439,19.2871
5.48,3.02124,13.1622,16.7557,6.50787,4.06189,10.8276,18.3945,9.91821,5.06439,19.2871
5.5,3.02124,13.1638,16.7557,6.50787,4.06341,10.8231,18.396,9.91821,5.065919999999999,19.3039
5.52,3.02124,13.1622,16.7526,6.5094,4.06799,10.8261,18.3975,9.91974,5.065919999999999,19.3008
5.54,3.02124,13.15,16.7496,6.50787,4.06341,10.8276,18.396,9.90753,5.06744,19.313
5.56,3.02429,13.1531,16.7496,6.50787,4.06647,10.8246,18.396,9.90753,5.065919999999999,19.3008
5.58,3.02124,13.147,16.7557,6.51245,4.06647,10.8307,18.396,9.90601,5.06439,19.3024
5.6,3.02277,13.1531,16.7541,6.51092,4.06341,10.8292,18.3945,9.90753,5.065919999999999,19.2978
5.62,3.02582,13.15,16.7526,6.50787,4.06799,10.8246,18.3945,9.90448,5.06439,19.2886
5.64,3.02429,13.1485,16.7404,6.50635,4.06647,10.8276,18.3929,9.90906,5.065919999999999,19.2856
5.66,3.02124,13.147,16.7419,6.49414,4.05273,10.8246,18.3975,9.90448,5.06744,19.2749
5.68,3.02429,13.1485,16.7389,6.49719,4.05273,10.817,18.3929,9.8938,5.05218,19.2642
5.7,3.02277,13.1485,16.7435,6.49567,4.05273,10.817,18.396,9.89838,5.05066,19.2505
5.72,3.02124,13.1546,16.7404,6.49719,4.05273,10.8154,18.3945,9.8938,5.05218,19.2368
5.74,3.02277,13.15,16.7419,6.49719,4.04968,10.8139,18.3945,9.89532,5.05371,19.2261
5.76,3.02277,13.15,16.745,6.49261,4.05426,10.8154,18.3975,9.89532,5.05218,19.2261
5.78,3.02429,13.1485,16.7419,6.49719,4.04968,10.8124,18.3975,9.8938,5.05371,19.2184
5.8,3.01971,13.1378,16.7435,6.48956,4.04968,10.8124,18.396,9.88312,5.05371,19.2062
5.82,3.02429,13.1332,16.7404,6.49719,4.05121,10.8139,18.3975,9.88159,5.05371,19.2047
5.84,3.02277,13.1363,16.7297,6.49567,4.05426,10.8124,18.3975,9.88007,5.05218,19.1925
5.86,3.01971,13.1363,16.7313,6.49567,4.05273,10.8139,18.3945,9.88159,5.05371,19.191
5.88,3.02277,13.1378,16.7313,6.48193,4.05121,10.8139,18.3945,9.88312,5.05066,19.1925
5.9,3.02124,13.1348,16.7313,6.48346,4.05426,10.8109,18.3945,9.88007,5.05218,19.191
5.92,3.01971,13.1363,16.7297,6.48498,4.05426,10.8139,18.3975,9.88159,5.05066,19.2017
5.94,3.02277,13.1332,16.7282,6.48651,4.05121,10.8139,18.3945,9.86938,5.05524,19.2017
5.96,3.02124,13.1378,16.7282,6.47736,4.05426,10.8093,18.3975,9.86481,5.05524,19.2139
5.98,3.02582,13.1348,16.7145,6.48193,4.04968,10.817,18.3945,9.87091,5.04303,19.2139
6.0,3.02429,13.1241,16.7145,6.48651,4.05426,10.8154,18.3975,9.87091,5.0415,19.2261
6.02,3.02582,13.1271,16.7175,6.48346,4.04816,10.8139,18.3945,9.87091,5.03998,19.2245
6.04,3.02124,13.1241,16.7175,6.48346,4.05273,10.8017,18.399,9.86633,5.0415,19.2352
6.06,3.02277,13.1226,16.7191,6.48651,4.05273,10.8047,18.396,9.85718,5.0415,19.2398
6.08,3.02277,13.1134,16.7191,6.48193,4.04205,10.7895,18.3975,9.86023,5.0415,19.2383
6.1,3.02124,13.1134,16.7175,6.46973,4.04205,10.788,18.3929,9.85718,5.0415,19.2413
6.12,3.02582,13.1104,16.715999999999998,6.47125,4.03748,10.7773,18.3975,9.8587,5.03998,19.2245
6.14,3.02124,13.0997,16.715999999999998,6.47125,4.03748,10.7773,18.396,9.85718,5.0415,19.2291
6.16,3.02124,13.1012,16.7038,6.4743,4.04205,10.7681,18.3975,9.86023,5.03998,19.2169
6.18,3.01971,13.0981,16.7068,6.47125,4.03748,10.7635,18.3975,9.84802,5.03845,19.2123
6.2,3.01819,13.0981,16.7053,6.46973,4.039,10.7666,18.3945,9.8465,5.0415,19.2001
6.22,3.02277,13.0859,16.7023,6.4682,4.03748,10.762,18.4021,9.84497,5.0262400000000005,19.194000000000003
6.24,3.02124,13.092,16.7053,6.46057,4.04053,10.762,18.399,9.8465,5.0293,19.191
6.26,3.02277,13.0844,16.7068,6.46057,4.04358,10.7651,18.3975,9.84344,5.0262400000000005,19.1803
6.28,3.02124,13.0875,16.7007,6.45904,4.039,10.7651,18.3975,9.84497,5.024719999999999,19.1666
6.3,3.02734,13.089,16.7068,6.45752,4.04205,10.7635,18.3975,9.83124,5.0293,19.1666
6.32,3.02277,13.0783,16.7023,6.46057,4.04053,10.7666,18.396,9.83276,5.027769999999999,19.1559
6.34,3.02124,13.0753,16.6962,6.45599,4.04358,10.759,18.396,9.83124,5.027769999999999,19.1528
6.36,3.02124,13.0783,16.6931,6.45752,4.03748,10.7513,18.4006,9.83276,5.0262400000000005,19.1437
6.38,3.02124,13.0737,16.6901,6.45904,4.039,10.7498,18.3975,9.83581,5.0293,19.1269
6.4,3.02124,13.0783,16.6946,6.45599,4.04205,10.7529,18.396,9.83276,5.027769999999999,19.1299
6.42,3.02277,13.0753,16.6931,6.45752,4.039,10.7513,18.399,9.83276,5.0262400000000005,19.1315
6.44,3.02277,13.0661,16.6931,6.45904,4.03748,10.7498,18.3975,9.82208,5.0293,19.1299
6.46,3.02429,13.0646,16.6916,6.44684,4.03748,10.7529,18.396,9.82208,5.0293,19.1345
6.48,3.02124,13.0676,16.6916,6.44379,4.04358,10.7529,18.3945,9.82208,5.030819999999999,19.1299
6.5,3.02429,13.062999999999999,16.6901,6.44684,4.039,10.7544,18.399,9.82208,5.0140400000000005,19.1452
6.52,3.02124,13.062999999999999,16.6916,6.44989,4.04205,10.7513,18.396,9.82208,5.018619999999999,19.1406
6.54,3.01971,13.0661,16.6901,6.44989,4.04358,10.7513,18.4097,9.8175,5.018619999999999,19.1528
6.56,3.02277,13.0508,16.6977,6.44836,4.039,10.7513,18.4082,9.8175,5.0140400000000005,19.1528
6.58,3.02277,13.0524,16.6931,6.44531,4.04053,10.7513,18.4067,9.81293,5.0140400000000005,19.1681
6.6,3.02124,13.0539,16.6779,6.44836,4.03748,10.7529,18.4097,9.80987,5.01556,19.1681
6.62,3.02277,13.0508,16.6779,6.44531,4.04358,10.7513,18.4097,9.80835,5.0170900000000005,19.1635
6.64,3.02582,13.0539,16.6794,6.44836,4.039,10.7529,18.4082,9.80682,5.0140400000000005,19.162
6.66,3.02124,13.0539,16.6779,6.44531,4.039,10.7529,18.4082,9.80987,5.01556,19.165
6.68,3.02429,13.0508,16.6794,6.44684,4.02832,10.7544,18.4082,9.80987,5.0170900000000005,19.1666
6.7,3.02277,13.0402,16.6824,6.44836,4.02832,10.7529,18.3975,9.8053,5.0170900000000005,19.1666
6.72,3.02124,13.0386,16.6824,6.43005,4.02527,10.7513,18.399,9.80987,5.0140400000000005,19.1544
6.74,3.02277,13.0371,16.6702,6.43616,4.02679,10.7513,18.3945,9.79462,5.0109900000000005,19.1574
6.76,3.02124,13.0386,16.6702,6.4331,4.02985,10.7407,18.3975,9.79767,5.00488,19.1437
6.78,3.02429,13.0356,16.6687,6.43463,4.02832,10.7391,18.396,9.79462,5.00488,19.1406
6.8,3.02277,13.0234,16.6672,6.43463,4.02527,10.7422,18.396,9.79614,5.00183,19.1299
6.82,3.02277,13.0295,16.6687,6.4331,4.02527,10.7315,18.3975,9.79919,5.00336,19.1193
6.84,3.02124,13.0295,16.6702,6.43463,4.02679,10.7254,18.399,9.79462,5.00183,19.1193
6.86,3.01819,13.0234,16.6626,6.43463,4.02374,10.7162,18.396,9.79462,5.00641,19.1055
6.88,3.02124,13.027999999999999,16.6687,6.4331,4.02527,10.7147,18.4021,9.78546,5.00488,19.1055
6.9,3.02277,13.0264,16.6534,6.4209,4.02527,10.704,18.3945,9.78699,5.00488,19.0948
6.92,3.02124,13.0295,16.6534,6.42242,4.02832,10.7025,18.3975,9.78546,5.00488,19.0933
6.94,3.02277,13.0249,16.6534,6.42242,4.02832,10.704,18.3945,9.78393,5.00488,19.0826
6.96,3.02124,13.0295,16.6565,6.4209,4.02832,10.7025,18.399,9.78699,5.0003,19.0659
6.98,3.02124,13.027999999999999,16.655,6.42242,4.03137,10.700999999999999,18.396,9.78241,5.00183,19.0552
7.0,3.02124,13.0264,16.6534,6.42242,4.02832,10.7025,18.396,9.77173,5.00336,19.043
7.02,3.02277,13.027999999999999,16.655,6.4209,4.02679,10.7071,18.3975,9.77173,4.99268,19.046
7.04,3.00903,13.0234,16.6565,6.41937,4.02679,10.7071,18.396,9.77173,4.9942,19.0338
7.06,3.00751,13.027999999999999,16.658,6.4209,4.02985,10.7071,18.396,9.77173,4.99268,19.0308
7.08,3.01056,13.0264,16.6458,6.42242,4.02985,10.6888,18.396,9.77325,4.9942,19.0338
7.1,3.01056,13.0295,16.6458,6.42548,4.02374,10.6888,18.3945,9.76105,4.99115,19.0292
7.12,3.02277,13.0264,16.6428,6.41174,4.01611,10.6918,18.396,9.76105,4.9896199999999995,19.0338
7.14,3.01056,13.0264,16.6458,6.40869,4.01459,10.6903,18.3975,9.76257,4.99268,19.0338
7.16,3.01056,13.0249,16.6443,6.40716,4.01306,10.6918,18.3945,9.758,4.99115,19.0475
7.18,3.00903,13.0264,16.6412,6.41022,4.01611,10.6888,18.396,9.74884,4.99268,19.0445
7.2,3.01208,13.0249,16.6412,6.41174,4.01306,10.6888,18.3975,9.74579,4.9942,19.0613
7.22,3.00751,13.027999999999999,16.6428,6.41327,4.01154,10.6918,18.396,9.74731,4.9881,19.0613
7.24,3.01056,13.0264,16.6412,6.41022,4.01459,10.6888,18.3945,9.74884,4.9804699999999995,19.0567
7.26,3.01056,13.027999999999999,16.6428,6.41022,4.01916,10.6934,18.3945,9.74579,4.9774199999999995,19.0567
7.28,3.01056,13.0157,16.6306,6.40869,4.01459,10.6934,18.3975,9.74884,4.978940000000001,19.0567
7.3,3.01056,13.0157,16.6321,6.40869,4.01459,10.6918,18.3975,9.73511,4.9804699999999995,19.0552
7.32,3.00751,13.0112,16.6336,6.41022,4.01306,10.6918,18.3975,9.73816,4.978940000000001,19.0567
7.34,3.01056,13.0157,16.6306,6.41174,4.01764,10.6918,18.3975,9.73663,4.9804699999999995,19.0536
7.36,3.01056,13.0142,16.6306,6.40869,4.01764,10.6918,18.399,9.73968,4.9774199999999995,19.0445
7.38,3.00903,13.0112,16.6321,6.39343,4.01154,10.6934,18.3945,9.73663,4.9804699999999995,19.0445
7.4,3.01056,13.0142,16.6275,6.39648,4.01306,10.6888,18.396,9.73816,4.9774199999999995,19.0338
7.42,3.00751,13.002,16.6336,6.39648,4.01306,10.6918,18.3945,9.73358,4.9804699999999995,19.0338
7.44,3.01208,13.002,16.6321,6.39648,4.01611,10.6888,18.396,9.73358,4.978940000000001,19.0201
7.46,3.00903,13.0005,16.629,6.39648,4.01459,10.6888,18.396,9.73816,4.96674,19.0231
7.48,3.01056,13.002,16.6306,6.39648,4.01306,10.6903,18.3975,9.72595,4.96674,19.0079
7.5,3.01208,13.002,16.6336,6.39496,4.01459,10.6918,18.3975,9.729,4.96979,19.0094
7.52,3.00903,13.002,16.6183,6.3858,4.01306,10.6812,18.399,9.72443,4.96674,18.9987
7.54,3.00903,13.0035,16.6183,6.38428,4.01459,10.6781,18.399,9.72443,4.96826,18.9957
7.56,3.00903,13.0173,16.6183,6.38275,4.01611,10.6689,18.396,9.7229,4.96674,18.9987
7.58,3.00903,13.0127,16.6183,6.3858,4.01459,10.6628,18.396,9.72443,4.96521,18.9957
7.6,3.01056,13.0173,16.6168,6.38275,4.01154,10.6567,18.3975,9.72443,4.96826,18.985
7.62,3.00903,13.0264,16.6138,6.38428,4.01459,10.6522,18.396,9.71374,4.96674,18.985
7.64,3.00903,13.0264,16.6199,6.38428,4.01306,10.6384,18.3975,9.71222,4.96826,18.985
7.66,3.01056,13.0402,16.6046,6.3858,4.0023800000000005,10.6415,18.3975,9.71222,4.95453,18.9835
7.68,3.01208,13.0539,16.6061,6.3858,4.0054300000000005,10.64,18.3945,9.71069,4.953,18.985
7.7,3.00903,13.0661,16.6061,6.3736,4.0023800000000005,10.6415,18.3945,9.71222,4.95605,18.985
7.72,3.01056,13.0646,16.6031,6.37054,4.0054300000000005,10.642999999999999,18.3975,9.71374,4.95758,18.9835
7.74,3.00903,13.0753,16.6061,6.37512,4.003909999999999,10.64,18.3945,9.71069,4.95605,18.988
7.76,3.01056,13.1042,16.6077,6.37054,4.0054300000000005,10.642999999999999,18.399,9.70001,4.95453,18.9835
7.78,3.01056,13.1119,16.6031,6.3736,3.9993300000000005,10.64,18.399,9.70001,4.95605,18.9972
7.8,3.01056,13.1241,16.6046,6.37512,4.0023800000000005,10.642999999999999,18.4006,9.70001,4.95453,18.9972
7.82,3.00903,13.1348,16.5955,6.37054,4.0084800000000005,10.6445,18.3929,9.69696,4.95453,18.9941
7.84,3.01056,13.1485,16.5924,6.37054,4.003909999999999,10.6415,18.3945,9.69543,4.95605,18.9987
7.86,3.01056,13.1515,16.5939,6.37054,4.003909999999999,10.642999999999999,18.3945,9.69696,4.95605,19.0079
7.88,3.01056,13.1363,16.5924,6.36902,3.9993300000000005,10.6415,18.399,9.70154,4.93927,19.0094
7.9,3.00903,13.1363,16.597,6.3736,4.003909999999999,10.64,18.3945,9.69849,4.94232,19.0079
7.92,3.00751,13.1241,16.5939,6.37054,4.00085,10.6262,18.3945,9.69391,4.9408,19.0063
7.94,3.00751,13.1134,16.5955,6.37207,4.00085,10.6277,18.3975,9.6878,4.94232,19.0094
7.96,3.01056,13.1012,16.5955,6.36139,4.00085,10.6262,18.3975,9.68475,4.94232,19.0079
7.98,3.01056,13.0875,16.5924,6.35986,4.003909999999999,10.6262,18.399,9.68933,4.94537,19.0094
8.0,3.01056,13.0722,16.5802,6.36139,4.006959999999999,10.6277,18.3975,9.68323,4.94537,18.9957
8.02,3.00445,13.062999999999999,16.5817,6.36291,4.0023800000000005,10.6293,18.3945,9.68933,4.94385,18.9972
8.04,3.00598,13.0661,16.5848,6.36291,4.0023800000000005,10.6293,18.399,9.6878,4.94232,18.9987
8.06,3.00903,13.0539,16.5787,6.35681,4.0023800000000005,10.6277,18.4006,9.6878,4.94385,18.9835
8.08,3.00903,13.0539,16.5802,6.35986,4.003909999999999,10.6293,18.399,9.68475,4.93164,18.9865
8.1,3.00751,13.0386,16.5848,6.36139,4.006959999999999,10.6308,18.3945,9.6878,4.92859,18.9728
8.12,3.01208,13.0386,16.5848,6.36139,4.0054300000000005,10.6277,18.396,9.68475,4.92706,18.9667
8.14,3.00751,13.0386,16.5817,6.35986,3.9978,10.6293,18.3975,9.67865,4.93011,18.959
8.16,3.00903,13.0356,16.5817,6.35834,4.003909999999999,10.6323,18.3945,9.67712,4.93317,18.9499
8.18,3.01056,13.0386,16.5802,6.35834,4.003909999999999,10.6293,18.396,9.67712,4.93011,18.9484
8.2,3.01208,13.0371,16.5817,6.36444,3.9901699999999996,10.6277,18.3945,9.6756,4.93011,18.9438
8.22,3.01056,13.0417,16.5726,6.36139,3.98865,10.6262,18.396,9.6756,4.92859,18.9468
8.24,3.00751,13.0386,16.5726,6.35986,3.9901699999999996,10.6308,18.396,9.67712,4.93164,18.9346
8.26,3.01056,13.0386,16.5695,6.35834,3.9932199999999995,10.6216,18.3945,9.67255,4.93011,18.9331
8.28,3.01361,13.0402,16.5695,6.3461300000000005,3.9917,10.6201,18.396,9.67407,4.93011,18.9362
8.3,3.01056,13.0249,16.567999999999998,6.3461300000000005,3.9917,10.6049,18.396,9.6756,4.92096,18.9468
8.32,3.00751,13.0264,16.5695,6.347659999999999,3.9901699999999996,10.6079,18.3975,9.66492,4.91791,18.9468
8.34,3.01056,13.027999999999999,16.5695,6.3491800000000005,3.9932199999999995,10.5957,18.3945,9.66492,4.91943,18.9514
8.36,3.01056,13.027999999999999,16.570999999999998,6.347659999999999,3.9901699999999996,10.5911,18.3853,9.66339,4.91638,18.9453
8.38,3.01056,13.0295,16.5695,6.3522300000000005,3.9917,10.5911,18.3823,9.66492,4.91943,18.9453
8.4,3.01056,13.027999999999999,16.5695,6.3430800000000005,3.99475,10.5804,18.3868,9.66339,4.91943,18.9621
8.42,3.01208,13.0234,16.5726,6.3491800000000005,3.9901699999999996,10.5835,18.3853,9.66034,4.91943,18.9606
8.44,3.00751,13.0127,16.5558,6.3446,3.98865,10.5835,18.3853,9.66186,4.91791,18.959
8.46,3.01361,13.0127,16.5573,6.3461300000000005,3.9779699999999996,10.5789,18.3868,9.66339,4.91791,18.956
8.48,3.00903,13.0157,16.5558,6.33545,3.97949,10.582,18.3868,9.66186,4.91791,18.9606
8.5,3.00903,13.0142,16.5573,6.3385,3.9810199999999996,10.582,18.3868,9.66492,4.91638,18.9606
8.52,3.00903,13.0127,16.5588,6.33697,3.97949,10.585,18.3838,9.65118,4.9057,18.9606
8.54,3.00903,13.0142,16.5588,6.33697,3.9779699999999996,10.5835,18.3853,9.65271,4.90417,18.959
8.56,3.00751,13.0173,16.5436,6.33545,3.97949,10.5835,18.3853,9.64966,4.9057,18.9453
8.58,3.01056,13.0142,16.5512,6.33545,3.96576,10.5804,18.3884,9.64966,4.90417,18.9484
8.6,3.00903,13.0142,16.5451,6.33087,3.96423,10.5682,18.3838,9.65118,4.90875,18.9346
8.62,3.00751,13.0127,16.5421,6.32629,3.96423,10.5698,18.3823,9.64813,4.90417,18.9362
8.64,3.01514,13.0142,16.5466,6.32324,3.95355,10.5743,18.3807,9.65576,4.9057,18.9255
8.66,3.01056,13.0142,16.5451,6.32172,3.95508,10.5682,18.3853,9.65118,4.9057,18.9224
8.68,3.01056,13.0173,16.5466,6.32324,3.95355,10.5698,18.3853,9.64813,4.90417,18.9102
8.7,3.01056,13.0112,16.5482,6.32477,3.95203,10.5728,18.3838,9.64966,4.90723,18.8965
8.72,3.00903,13.0142,16.5421,6.32172,3.9413400000000003,10.5713,18.3868,9.6405,4.9057,18.8995
8.74,3.01056,13.0142,16.5283,6.32172,3.9459199999999996,10.5682,18.3823,9.63898,4.90875,18.898
8.76,3.01056,13.0142,16.5329,6.32172,3.9382900000000003,10.5713,18.3838,9.63592,4.89502,18.8873
8.78,3.01056,13.0142,16.5359,6.32324,3.9444,10.5698,18.3853,9.6405,4.89654,18.8889
8.8,3.00903,13.0142,16.5359,6.32477,3.9398199999999997,10.5698,18.3838,9.63745,4.89349,18.8828
8.82,3.00903,13.0142,16.5329,6.32172,3.9413400000000003,10.5682,18.3853,9.63898,4.89349,18.8858
8.84,3.00903,13.0142,16.5329,6.3095099999999995,3.9428699999999997,10.5682,18.3838,9.6344,4.89197,18.8705
8.86,3.00751,13.0157,16.5314,6.3095099999999995,3.9444,10.5713,18.3807,9.63745,4.89349,18.8751
8.88,3.01208,13.0157,16.5314,6.31409,3.95355,10.5667,18.3853,9.63745,4.89502,18.8828
8.9,3.01056,13.0142,16.5298,6.311030000000001,3.95508,10.5698,18.3853,9.63898,4.89349,18.8843
8.92,3.01056,13.0142,16.5329,6.3125599999999995,3.95355,10.5698,18.3792,9.63592,4.89502,18.8797
8.94,3.01056,13.0127,16.5192,6.3156099999999995,3.96881,10.5698,18.3838,9.62524,4.89502,18.8858
8.96,3.00903,13.0112,16.5192,6.31714,3.96576,10.5698,18.3853,9.62219,4.89197,18.898
8.98,3.01056,13.0127,16.5222,6.3125599999999995,3.96728,10.5682,18.3823,9.6283,4.89502,18.8995
9.0,3.00445,13.0127,16.5237,6.311030000000001,3.96423,10.5591,18.3838,9.62372,4.89502,18.9011
9.02,3.00903,12.999,16.5192,6.3125599999999995,3.96576,10.5591,18.3838,9.62982,4.88281,18.8995
9.04,3.01361,13.002,16.5222,6.30035,3.96576,10.5484,18.3807,9.62524,4.88129,18.8965
9.06,3.01208,13.002,16.5222,6.295780000000001,3.97034,10.5453,18.3853,9.62677,4.88129,18.898
9.08,3.00598,13.0005,16.5207,6.30035,3.96271,10.5331,18.3853,9.62982,4.87976,18.898
9.1,3.01056,13.0005,16.5207,6.2973,3.96881,10.5316,18.3853,9.62372,4.88129,18.8995
9.12,3.01056,12.999,16.5192,6.2973,3.96423,10.5225,18.3853,9.62524,4.87823,18.8843
9.14,3.00751,13.0005,16.5192,6.295780000000001,3.96576,10.5164,18.3868,9.61151,4.88129,18.8873
9.16,3.01361,13.0035,16.5222,6.30035,3.96271,10.5194,18.3853,9.61609,4.88281,18.8721
9.18,3.00751,13.002,16.5192,6.2973,3.96881,10.5194,18.3823,9.61456,4.88281,18.8599
9.2,3.01361,13.002,16.507,6.301880000000001,3.96576,10.5179,18.3853,9.61151,4.88434,18.8644
9.22,3.01514,12.9913,16.5085,6.28815,3.96728,10.5225,18.3853,9.61456,4.88434,18.8477
9.24,3.01208,12.9898,16.51,6.28509,3.96728,10.5225,18.3868,9.61456,4.88434,18.8492
9.26,3.00903,12.9913,16.5085,6.28967,3.96881,10.5179,18.3823,9.61304,4.87823,18.8354
9.28,3.01056,12.9898,16.507,6.28204,3.96423,10.5041,18.3868,9.61456,4.8706,18.8339
9.3,3.01056,12.9883,16.51,6.28509,3.96576,10.5072,18.3868,9.61304,4.86908,18.837
9.32,2.99683,12.9776,16.507,6.28815,3.96423,10.5087,18.3823,9.61304,4.86908,18.8248
9.34,2.99835,12.9745,16.5085,6.28509,3.96576,10.5057,18.3838,9.61304,4.86908,18.8248
9.36,2.99835,12.9791,16.4932,6.28815,3.97034,10.5072,18.3838,9.602360000000001,4.8706,18.8293
9.38,2.99683,12.9761,16.4963,6.27289,3.96423,10.5103,18.3838,9.60388,4.85992,18.8232
9.4,2.99988,12.9807,16.4948,6.27747,3.96271,10.5103,18.3823,9.60388,4.8584,18.8278
9.42,2.99988,12.9776,16.4993,6.27594,3.96576,10.5072,18.3853,9.60083,4.85687,18.8248
9.44,2.99683,12.9745,16.4978,6.27594,3.96118,10.5087,18.3823,9.5993,4.85687,18.8217
9.46,2.99683,12.9776,16.4978,6.27594,3.96576,10.5087,18.3807,9.60083,4.85535,18.8202
9.48,2.99683,12.9623,16.4948,6.27441,3.97034,10.5057,18.3868,9.60083,4.85535,18.8248
9.5,2.99988,12.9654,16.4963,6.27441,3.96576,10.4965,18.3838,9.60388,4.85535,18.8263
9.52,2.99683,12.9639,16.4825,6.27594,3.96423,10.4935,18.3823,9.60083,4.85687,18.8217
9.54,2.99835,12.9654,16.4841,6.27136,3.96423,10.495,18.3838,9.60388,4.8584,18.8248
9.56,2.99988,12.9639,16.4825,6.27594,3.96576,10.495,18.3838,9.60388,4.85535,18.8232
9.58,2.99683,12.9501,16.4825,6.27136,3.96576,10.498,18.3868,9.60388,4.85229,18.8217
9.6,2.99683,12.9562,16.4825,6.260680000000001,3.96881,10.495,18.3868,9.5993,4.84619,18.8248
9.62,2.99683,12.9547,16.4749,6.263730000000001,3.96881,10.498,18.3838,9.59015,4.84161,18.8232
9.64,2.99988,12.9547,16.4719,6.260680000000001,3.96423,10.4965,18.3853,9.59015,4.84009,18.8278
9.66,2.99683,12.9532,16.4719,6.26221,3.96576,10.4935,18.3868,9.58557,4.84619,18.8217
9.68,2.99835,12.9578,16.4688,6.260680000000001,3.96728,10.498,18.3868,9.58557,4.84314,18.8232
9.7,2.9953,12.940999999999999,16.4566,6.257630000000001,3.96423,10.498,18.3868,9.59015,4.84161,18.8232
9.72,2.99835,12.940999999999999,16.4612,6.26221,3.96881,10.4935,18.3853,9.59167,4.84466,18.8232
9.74,2.99683,12.9395,16.4612,6.263730000000001,3.96881,10.4965,18.3746,9.58862,4.84314,18.811
9.76,3.0014,12.944,16.4597,6.26221,3.96881,10.4919,18.3731,9.59167,4.84619,18.8141
9.78,2.99988,12.9395,16.4612,6.26221,3.96271,10.4935,18.3746,9.59167,4.84466,18.8171
9.8,2.99835,12.940999999999999,16.4566,6.26221,3.96576,10.4858,18.3731,9.59015,4.84772,18.808
9.82,2.99377,12.9379,16.4566,6.26221,3.95203,10.4813,18.3746,9.59167,4.84466,18.8019
9.84,2.99683,12.9303,16.4581,6.260680000000001,3.95355,10.4813,18.3731,9.5871,4.84619,18.8019
9.86,2.99988,12.9288,16.4581,6.260680000000001,3.9505,10.4706,18.3746,9.59015,4.84466,18.7988
9.88,2.9953,12.9303,16.4474,6.25,3.95203,10.4706,18.3731,9.576419999999999,4.83093,18.7851
9.9,2.99988,12.9318,16.449,6.251530000000001,3.9566,10.4721,18.3731,9.57794,4.83246,18.7881
9.92,2.99683,12.9303,16.4444,6.25,3.9566,10.4568,18.3716,9.57947,4.83093,18.7881
9.94,2.99683,12.9333,16.4444,6.25305,3.95203,10.4584,18.3731,9.57947,4.83093,18.7881
9.96,2.99988,12.9272,16.4474,6.251530000000001,3.9566,10.4584,18.3746,9.57794,4.83246,18.7775
9.98,2.99835,12.9288,16.449,6.251530000000001,3.95203,10.4568,18.3731,9.57947,4.83398,18.7744
10.0,2.99683,12.9303,16.4459,6.24695,3.95355,10.4584,18.3731,9.576419999999999,4.83246,18.7744
10.02,2.99835,12.9303,16.4444,6.25305,3.95203,10.4568,18.3701,9.576419999999999,4.83093,18.7744
10.04,2.99835,12.9288,16.4459,6.239319999999999,3.95203,10.4584,18.3731,9.576419999999999,4.83551,18.7775
10.06,2.99683,12.9257,16.4459,6.23779,3.9566,10.4584,18.3716,9.57794,4.83246,18.7729
10.08,2.99683,12.9303,16.4474,6.239319999999999,3.9489699999999996,10.4599,18.3731,9.57794,4.83398,18.7897
10.1,2.9953,12.9166,16.4352,6.239319999999999,3.95355,10.4584,18.3701,9.564210000000001,4.83246,18.7851
10.12,2.99377,12.9166,16.4322,6.236269999999999,3.95355,10.4446,18.3716,9.564210000000001,4.82178,18.7866
10.14,2.99988,12.9196,16.4337,6.23779,3.95813,10.4462,18.3731,9.567260000000001,4.82025,18.7851
10.16,2.99835,12.9135,16.4368,6.23474,3.9505,10.4477,18.3701,9.56879,4.81873,18.7866
10.18,2.99988,12.9181,16.4322,6.239319999999999,3.95355,10.4462,18.3716,9.567260000000001,4.8233,18.7897
10.2,2.99835,12.9181,16.4337,6.23779,3.95355,10.4446,18.3731,9.56573,4.82178,18.7851
10.22,2.9953,12.9166,16.4322,6.239319999999999,3.95355,10.4462,18.3746,9.564210000000001,4.82025,18.7881
10.24,2.99683,12.9166,16.4368,6.24084,3.95203,10.4492,18.3731,9.564210000000001,4.8172,18.7927
10.26,2.99835,12.9166,16.4246,6.23779,3.95355,10.4446,18.3746,9.564210000000001,4.8172,18.7881
10.28,2.99988,12.9166,16.4246,6.245419999999999,3.95355,10.4462,18.3762,9.56573,4.81873,18.7866
10.3,2.99683,12.912,16.4215,6.239319999999999,3.9566,10.434000000000001,18.3731,9.56573,4.82178,18.7866
10.32,2.9953,12.915,16.4215,6.22406,3.95203,10.4355,18.3731,9.564210000000001,4.82178,18.779
10.34,2.99683,12.9166,16.4261,6.22559,3.95508,10.4355,18.3731,9.567260000000001,4.82025,18.7759
10.36,2.99835,12.9166,16.4215,6.22711,3.95508,10.4324,18.3731,9.56573,4.80499,18.7744
10.38,2.99835,12.9181,16.4215,6.22864,3.95355,10.4355,18.3701,9.552,4.80652,18.7622
10.4,2.99835,12.9166,16.4246,6.22864,3.95355,10.4385,18.3701,9.55353,4.80804,18.7607
10.42,3.0014,12.9044,16.423,6.22406,3.95355,10.4309,18.3716,9.55505,4.80804,18.7637
10.44,2.99683,12.9074,16.4108,6.22559,3.95203,10.4385,18.3701,9.55658,4.80652,18.7485
10.46,2.99683,12.9059,16.4124,6.22711,3.95508,10.4355,18.3762,9.55353,4.80652,18.7561
10.48,2.99835,12.9044,16.4108,6.22559,3.95355,10.4324,18.3578,9.55353,4.80804,18.7424
10.5,2.99835,12.9059,16.4108,6.22559,3.95355,10.4355,18.3594,9.55505,4.80652,18.7393
10.52,2.99683,12.8998,16.4124,6.22101,3.95508,10.4309,18.3578,9.55505,4.80652,18.7378
10.54,2.99835,12.9044,16.4093,6.22406,3.95203,10.434000000000001,18.3609,9.55353,4.80652,18.7271
10.56,2.99377,12.9059,16.4124,6.22559,3.95355,10.4187,18.3594,9.552,4.79431,18.7271
10.58,2.99683,12.9074,16.4124,6.22406,3.95508,10.4233,18.3609,9.55048,4.79126,18.7256
10.6,2.99988,12.9074,16.4078,6.22559,3.95355,10.4095,18.3609,9.54895,4.79736,18.7256
10.62,2.99683,12.9044,16.3971,6.22559,3.95203,10.4095,18.3563,9.55353,4.79736,18.7271
10.64,2.99835,12.9074,16.4001,6.22101,3.95508,10.4095,18.3609,9.538269999999999,4.79279,18.7271
10.66,2.99835,12.9059,16.4001,6.22406,3.9505,10.3973,18.3624,9.54285,4.79279,18.7363
10.68,2.99683,12.9013,16.4001,6.23016,3.95203,10.3973,18.3624,9.541319999999999,4.79584,18.7378
10.7,2.99683,12.8922,16.3986,6.22559,3.95508,10.3973,18.3594,9.54285,4.79279,18.7393
10.72,2.99683,12.8906,16.3986,6.22711,3.9566,10.3851,18.3609,9.541319999999999,4.79736,18.7347
10.74,3.0014,12.8937,16.4001,6.22559,3.95508,10.3851,18.3594,9.538269999999999,4.79431,18.7393
10.76,2.99683,12.8937,16.3986,6.2149,3.95508,10.3851,18.3624,9.53979,4.79584,18.7546
10.78,2.99835,12.8906,16.4001,6.21338,3.9566,10.3836,18.3624,9.538269999999999,4.79584,18.7485
10.8,2.99835,12.8952,16.3864,6.21185,3.95355,10.3851,18.3563,9.53979,4.7821,18.7408
10.82,2.99835,12.8922,16.3879,6.2149,3.95813,10.3867,18.3609,9.538269999999999,4.7821,18.7378
10.84,2.99835,12.8906,16.3864,6.21338,3.9566,10.3836,18.3624,9.53979,4.7836300000000005,18.7363
10.86,2.9953,12.8815,16.3879,6.2149,3.95203,10.3882,18.3594,9.541319999999999,4.7805800000000005,18.7378
10.88,2.9953,12.8784,16.3849,6.2149,3.95355,10.3851,18.3594,9.541319999999999,4.7836300000000005,18.7378
10.9,2.99683,12.8845,16.3864,6.21643,3.95355,10.3745,18.3609,9.53979,4.7836300000000005,18.7241
10.92,2.99835,12.883,16.3879,6.2149,3.9382900000000003,10.3714,18.3594,9.529110000000001,4.785159999999999,18.7302
10.94,2.99988,12.8769,16.3864,6.21185,3.9398199999999997,10.3745,18.3609,9.529110000000001,4.7821,18.7271
10.96,2.99835,12.8845,16.3879,6.21338,3.9413400000000003,10.376,18.3609,9.52759,4.7836300000000005,18.7149
10.98,2.99683,12.8799,16.3864,6.2027,3.9398199999999997,10.3607,18.3609,9.526060000000001,4.7821,18.718
11.0,2.9953,12.8662,16.3849,6.201169999999999,3.9444,10.3622,18.3609,9.53064,4.7836300000000005,18.7149
11.02,2.9953,12.8647,16.3864,6.2027,3.9398199999999997,10.3622,18.3578,9.52759,4.7836300000000005,18.7149
11.04,2.99683,12.8677,16.3727,6.201169999999999,3.9398199999999997,10.3607,18.3624,9.532160000000001,4.7699,18.718
11.06,2.99835,12.8662,16.3757,6.2027,3.9398199999999997,10.3607,18.3594,9.529110000000001,4.77142,18.7027
11.08,2.99683,12.8662,16.3742,6.201169999999999,3.9428699999999997,10.3607,18.3594,9.526060000000001,4.76837,18.7057
11.1,2.99377,12.8693,16.3757,6.2027,3.9398199999999997,10.3622,18.3609,9.529110000000001,4.7699,18.7057
11.12,3.0014,12.8677,16.3757,6.19965,3.9428699999999997,10.3607,18.3594,9.52759,4.77142,18.7027
11.14,2.99683,12.8571,16.3727,6.20575,3.9413400000000003,10.3607,18.3594,9.526060000000001,4.76837,18.6905
11.16,2.99683,12.8571,16.3727,6.201169999999999,3.9413400000000003,10.3638,18.3609,9.52759,4.7699,18.6905
11.18,2.99683,12.8555,16.3589,6.201169999999999,3.9413400000000003,10.3638,18.3609,9.51233,4.77142,18.6935
11.2,2.99683,12.8586,16.362000000000002,6.204219999999999,3.9413400000000003,10.3638,18.3563,9.516910000000001,4.77142,18.6935
11.22,2.99683,12.8632,16.362000000000002,6.19965,3.9398199999999997,10.3607,18.3609,9.51538,4.77142,18.692
11.24,2.9953,12.8601,16.362000000000002,6.204219999999999,3.9398199999999997,10.3638,18.3624,9.50928,4.77142,18.6905
11.26,3.0014,12.8586,16.362000000000002,6.2027,3.9413400000000003,10.3622,18.3609,9.51843,4.75922,18.6905
11.28,2.99988,12.8616,16.362000000000002,6.1904900000000005,3.9428699999999997,10.35,18.3594,9.51385,4.7561599999999995,18.6905
11.3,2.99835,12.8586,16.362000000000002,6.1935400000000005,3.9398199999999997,10.3485,18.3609,9.516910000000001,4.75769,18.689
11.32,2.99988,12.8586,16.3635,6.1904900000000005,3.9413400000000003,10.3348,18.3609,9.51233,4.75769,18.6905
11.34,2.99835,12.8586,16.3528,6.1904900000000005,3.9428699999999997,10.3409,18.3609,9.516910000000001,4.7561599999999995,18.6996
11.36,2.99988,12.8571,16.3483,6.18896,3.9459199999999996,10.3348,18.3594,9.51538,4.76227,18.7012
11.38,2.99683,12.8586,16.3498,6.18896,3.9398199999999997,10.3241,18.3563,9.51538,4.75922,18.7057
11.4,2.99683,12.8601,16.3498,6.18896,3.9413400000000003,10.3256,18.3624,9.516910000000001,4.76074,18.7027
11.42,2.99683,12.8601,16.3528,6.192019999999999,3.9382900000000003,10.3241,18.3578,9.51385,4.75769,18.7012
11.44,2.9861400000000002,12.8555,16.3513,6.192019999999999,3.9398199999999997,10.3134,18.3609,9.516910000000001,4.75922,18.7012
11.46,2.98767,12.8571,16.3467,6.1904900000000005,3.9367699999999997,10.3119,18.3578,9.51538,4.7561599999999995,18.6996
11.48,2.9830900000000002,12.8601,16.3498,6.192019999999999,3.9413400000000003,10.3134,18.3578,9.5047,4.75769,18.7027
11.5,2.99377,12.8586,16.3483,6.18591,3.9398199999999997,10.3119,18.3594,9.4986,4.7470099999999995,18.7042
11.52,2.98462,12.8433,16.3391,6.1904900000000005,3.9398199999999997,10.3104,18.3594,9.503169999999999,4.7470099999999995,18.7027
11.54,2.98462,12.8464,16.3376,6.17676,3.9428699999999997,10.3088,18.3594,9.503169999999999,4.745480000000001,18.6905
11.56,2.98767,12.8464,16.3376,6.17828,3.9444,10.3104,18.3563,9.4986,4.7439599999999995,18.6905
11.58,2.98462,12.8464,16.3361,6.17523,3.9413400000000003,10.3165,18.3578,9.503169999999999,4.7500599999999995,18.6783
11.6,2.98462,12.8357,16.3376,6.17676,3.9398199999999997,10.3104,18.3594,9.503169999999999,4.7439599999999995,18.6813
11.62,2.9892,12.8357,16.3376,6.17523,3.9428699999999997,10.3088,18.3609,9.50165,4.742430000000001,18.6768
11.64,2.9861400000000002,12.8326,16.3361,6.17523,3.9413400000000003,10.3104,18.3609,9.50623,4.7439599999999995,18.663
11.66,2.9861400000000002,12.8326,16.3361,6.17981,3.9413400000000003,10.3134,18.3578,9.503169999999999,4.742430000000001,18.6661
11.68,2.98767,12.8372,16.3361,6.16913,3.9413400000000003,10.3104,18.3609,9.50165,4.7439599999999995,18.6646
11.7,2.98462,12.8235,16.3422,6.16455,3.9413400000000003,10.3134,18.3609,9.503169999999999,4.7470099999999995,18.6539
11.72,2.9861400000000002,12.822000000000001,16.3345,6.16455,3.9413400000000003,10.3119,18.3594,9.50165,4.745480000000001,18.6539
11.74,2.98767,12.8204,16.3254,6.16455,3.9444,10.3104,18.3594,9.5047,4.7470099999999995,18.6523
11.76,2.98462,12.822000000000001,16.3254,6.16455,3.9428699999999997,10.3134,18.3609,9.494019999999999,4.745480000000001,18.6523
11.78,2.9830900000000002,12.8235,16.3254,6.16455,3.9382900000000003,10.3119,18.3609,9.490969999999999,4.733280000000001,18.6539
11.8,2.99683,12.8204,16.3254,6.1615,3.9413400000000003,10.3241,18.3594,9.494019999999999,4.7348,18.6646
11.82,2.99988,12.8265,16.3284,6.1630199999999995,3.9398199999999997,10.3241,18.3594,9.49249,4.7348,18.6661
11.84,3.0014,12.822000000000001,16.3239,6.16455,3.9428699999999997,10.3226,18.3594,9.494019999999999,4.73175,18.663
11.86,2.99683,12.825,16.3254,6.16455,3.9444,10.3256,18.364,9.490969999999999,4.7348,18.6661
11.88,2.99683,12.8189,16.3254,6.1676,3.92761,10.3363,18.3609,9.48944,4.736330000000001,18.6676
11.9,2.99683,12.822000000000001,16.3269,6.16608,3.93066,10.3348,18.3594,9.48944,4.733280000000001,18.663
11.92,2.99835,12.8204,16.3269,6.1508199999999995,3.9291400000000003,10.3348,18.3594,9.49249,4.7348,18.6676
11.94,2.99835,12.822000000000001,16.3254,6.1538699999999995,3.92761,10.3485,18.3609,9.490969999999999,4.73175,18.6615
11.96,2.99835,12.8128,16.3147,6.155390000000001,3.93066,10.35,18.3594,9.49249,4.7348,18.6661
11.98,2.99835,12.8098,16.3101,6.15845,3.9321900000000003,10.3622,18.3594,9.49249,4.73175,18.6661
12.0,2.9861400000000002,12.8098,16.3147,6.1538699999999995,3.9321900000000003,10.3714,18.3578,9.49249,4.733280000000001,18.6676
12.02,2.9892,12.8098,16.3132,6.1538699999999995,3.9291400000000003,10.3729,18.3609,9.48029,4.736330000000001,18.6646
12.04,2.98157,12.8113,16.3116,6.155390000000001,3.9337199999999997,10.3897,18.3578,9.47723,4.73022,18.6661
12.06,2.98462,12.8021,16.3147,6.155390000000001,3.9291400000000003,10.3867,18.3624,9.475710000000001,4.7348,18.663
12.08,2.9830900000000002,12.7945,16.3132,6.155390000000001,3.9291400000000003,10.3867,18.3578,9.47723,4.72565,18.6539
12.1,2.9830900000000002,12.7975,16.3025,6.1538699999999995,3.9291400000000003,10.3958,18.3609,9.47723,4.72259,18.6523
12.12,2.9861400000000002,12.7991,16.301,6.155390000000001,3.93066,10.4019,18.3487,9.48029,4.71954,18.6539
12.14,2.9830900000000002,12.7991,16.304000000000002,6.155390000000001,3.93066,10.3958,18.3487,9.478760000000001,4.72412,18.6539
12.16,2.9861400000000002,12.796,16.301,6.13708,3.93066,10.4095,18.3502,9.48029,4.71802,18.6539
12.18,2.98462,12.7991,16.3025,6.14166,3.92761,10.408,18.3502,9.47723,4.71802,18.6523
12.2,2.9861400000000002,12.8006,16.3025,6.14319,3.9337199999999997,10.4095,18.3487,9.481810000000001,4.71954,18.6539
12.22,2.9830900000000002,12.7975,16.3025,6.14166,3.9321900000000003,10.4187,18.3487,9.48029,4.71802,18.6432
12.24,2.98462,12.7899,16.304000000000002,6.14624,3.9291400000000003,10.4324,18.3487,9.48334,4.71954,18.6401
12.26,2.98157,12.7853,16.2872,6.14319,3.9291400000000003,10.4446,18.3487,9.48029,4.72412,18.6447
12.28,2.9861400000000002,12.7853,16.2888,6.14166,3.92761,10.4462,18.3472,9.48029,4.71802,18.6417
12.3,2.98462,12.7838,16.2888,6.14014,3.9428699999999997,10.4584,18.3487,9.48029,4.72107,18.6417
12.32,2.98462,12.7853,16.2888,6.14014,3.9413400000000003,10.4767,18.3487,9.46655,4.71954,18.6295
12.34,2.98462,12.7853,16.2918,6.14166,3.9367699999999997,10.4858,18.3502,9.46808,4.72107,18.631
12.36,2.98462,12.7869,16.2903,6.12793,3.9413400000000003,10.495,18.3487,9.46655,4.71802,18.6264
12.38,2.98462,12.7869,16.2888,6.1264,3.9428699999999997,10.5103,18.3502,9.46503,4.72259,18.631
12.4,2.98157,12.7869,16.2872,6.12793,3.9428699999999997,10.5179,18.3487,9.46503,4.72259,18.6249
12.42,2.98462,12.7838,16.2933,6.12946,3.9413400000000003,10.5316,18.3487,9.46503,4.72412,18.6295
12.44,2.98767,12.7838,16.2765,6.12793,3.9413400000000003,10.5423,18.3472,9.46655,4.71802,18.6279
12.46,2.9830900000000002,12.7869,16.2765,6.1264,3.9367699999999997,10.5606,18.3472,9.46503,4.71954,18.6325
12.48,2.98157,12.7838,16.275,6.12946,3.9413400000000003,10.5713,18.3502,9.46808,4.72107,18.631
12.5,2.98462,12.7853,16.2765,6.12793,3.9398199999999997,10.5835,18.3487,9.46503,4.72107,18.631
12.52,2.9892,12.7853,16.2765,6.12946,3.9413400000000003,10.5942,18.3441,9.46655,4.71954,18.6172
12.54,2.98767,12.7838,16.2796,6.1142,3.9444,10.6079,18.3517,9.45129,4.71954,18.6172
12.56,2.9830900000000002,12.7869,16.275,6.11725,3.9428699999999997,10.6171,18.3472,9.455869999999999,4.72107,18.6172
12.58,2.98767,12.7731,16.2735,6.11572,3.9413400000000003,10.6293,18.3456,9.45435,4.72259,18.6157
12.6,2.9830900000000002,12.7731,16.2735,6.11725,3.9398199999999997,10.64,18.3502,9.45282,4.72107,18.605
12.62,2.98157,12.7731,16.2781,6.11877,3.95355,10.6506,18.3502,9.455869999999999,4.71954,18.6066
12.64,2.9861400000000002,12.7716,16.275,6.11725,3.95355,10.6628,18.3487,9.44977,4.72259,18.6035
12.66,2.98157,12.7716,16.2643,6.11572,3.95508,10.6781,18.3487,9.440610000000001,4.71954,18.605
12.68,2.98462,12.7701,16.2628,6.1203,3.95203,10.6903,18.3502,9.44214,4.72259,18.6066
12.7,2.9830900000000002,12.7701,16.2628,6.1142,3.95508,10.7071,18.3517,9.443660000000001,4.72107,18.5959
12.72,2.98462,12.7731,16.2659,6.11572,3.96118,10.7147,18.3456,9.44214,4.72259,18.5898
12.74,2.9830900000000002,12.7716,16.2598,6.10352,3.96423,10.7269,18.3487,9.443660000000001,4.72412,18.605
12.76,2.9861400000000002,12.7594,16.2659,6.10352,3.96423,10.7391,18.3487,9.443660000000001,4.72259,18.6066
12.78,2.98462,12.7609,16.2613,6.10352,3.96423,10.7544,18.3487,9.443660000000001,4.7348,18.605
12.8,2.98462,12.7594,16.2613,6.10199,3.96728,10.7605,18.3502,9.440610000000001,4.73175,18.6066
12.82,2.9861400000000002,12.7625,16.2628,6.10199,3.96423,10.7773,18.3487,9.440610000000001,4.7348,18.602
12.84,2.9830900000000002,12.7579,16.2643,6.10504,3.97491,10.7758,18.335,9.44214,4.73022,18.5944
12.86,2.98462,12.7594,16.2628,6.10352,3.98254,10.7895,18.335,9.443660000000001,4.7348,18.5913
12.88,2.98462,12.7609,16.2521,6.10352,3.97949,10.790999999999999,18.335,9.44214,4.748530000000001,18.5913
12.9,2.9830900000000002,12.764000000000001,16.2537,6.09894,3.9810199999999996,10.788,18.335,9.440610000000001,4.7470099999999995,18.5898
12.92,2.9861400000000002,12.7655,16.2537,6.09131,3.9810199999999996,10.7956,18.335,9.443660000000001,4.748530000000001,18.5883
12.94,2.9861400000000002,12.7625,16.2491,6.09436,3.9779699999999996,10.8017,18.3395,9.431460000000001,4.7470099999999995,18.5898
12.96,2.98462,12.7502,16.2521,6.09131,3.9779699999999996,10.8002,18.3334,9.42993,4.75922,18.5806
12.98,2.98462,12.7502,16.2537,6.09283,3.9779699999999996,10.8078,18.335,9.42688,4.76227,18.5822
13.0,2.98462,12.7487,16.2384,6.08215,3.98865,10.8139,18.335,9.428410000000001,4.7561599999999995,18.5806
13.02,2.9830900000000002,12.7487,16.2415,6.0791,3.9917,10.8139,18.3334,9.42993,4.77142,18.5822
13.04,2.9892,12.7502,16.2399,6.08063,3.9932199999999995,10.8261,18.3365,9.428410000000001,4.77142,18.5806
13.06,2.98767,12.7487,16.2384,6.07758,3.9932199999999995,10.8276,18.3395,9.42993,4.7699,18.5806
13.08,2.98462,12.7502,16.2415,6.07758,3.9871199999999996,10.8398,18.338,9.431460000000001,4.7821,18.5684
13.1,2.9830900000000002,12.7472,16.2384,6.0791,3.98865,10.8521,18.335,9.42993,4.7836300000000005,18.5684
13.12,2.9861400000000002,12.7457,16.2354,6.07758,3.9932199999999995,10.8627,18.3365,9.42688,4.79279,18.5684
13.14,2.98462,12.7472,16.2399,6.06689,4.00085,10.8643,18.338,9.431460000000001,4.79584,18.5638
13.16,2.98462,12.7472,16.2231,6.06995,4.00085,10.878,18.338,9.428410000000001,4.79431,18.5684
13.18,2.98462,12.7396,16.2262,6.06384,4.0023800000000005,10.8887,18.3365,9.42688,4.80652,18.5684
13.2,2.98462,12.7365,16.2277,6.06384,4.0054300000000005,10.8887,18.335,9.428410000000001,4.80652,18.5715
13.22,2.98462,12.7411,16.2247,6.06995,4.0023800000000005,10.8994,18.3365,9.41772,4.81873,18.5684
13.24,2.98462,12.738,16.2262,6.06537,4.003909999999999,10.8963,18.335,9.4162,4.82178,18.5669
13.26,2.9830900000000002,12.7365,16.2277,6.06842,4.0054300000000005,10.9116,18.3334,9.41772,4.83093,18.5699
13.28,2.9830900000000002,12.7365,16.2277,6.06384,4.0023800000000005,10.9238,18.338,9.41467,4.83398,18.5684
13.3,2.98767,12.7365,16.2247,6.05164,4.01459,10.9299,18.338,9.4162,4.84466,18.5699
13.32,2.9892,12.7365,16.2277,6.05621,4.01459,10.9344,18.3365,9.4162,4.84466,18.5669
13.34,2.98157,12.7335,16.2277,6.05621,4.01459,10.9467,18.3365,9.41467,4.85687,18.5562
13.36,2.9830900000000002,12.7365,16.214000000000002,6.05621,4.01764,10.9589,18.335,9.41772,4.8706,18.5562
13.38,2.98462,12.7365,16.217,6.05316,4.01459,10.9726,18.338,9.41772,4.88129,18.5562
13.4,2.9861400000000002,12.7335,16.214000000000002,6.05316,4.01459,10.997,18.3365,9.41925,4.88281,18.5577
13.42,2.98462,12.7213,16.2155,6.05316,4.01611,11.0107,18.3334,9.4162,4.89502,18.5532
13.44,2.9892,12.7228,16.2201,6.05469,4.01459,11.0214,18.3334,9.4162,4.90417,18.5562
13.46,2.98462,12.7228,16.2155,6.05316,4.01916,11.0306,18.335,9.4162,4.91486,18.5547
13.48,2.98767,12.7228,16.2155,6.05316,4.01611,11.0489,18.338,9.41772,4.91943,18.5577
13.5,2.9830900000000002,12.7197,16.214000000000002,6.04401,4.02527,11.0718,18.3334,9.40247,4.92859,18.5547
13.52,2.9830900000000002,12.7228,16.214000000000002,6.04095,4.02985,11.084000000000001,18.3365,9.40704,4.93011,18.5547
13.54,2.98462,12.7243,16.217,6.03943,4.02832,11.0962,18.3212,9.40857,4.94232,18.5577
13.56,2.9830900000000002,12.7213,16.2018,6.03943,4.02679,11.1084,18.3243,9.40399,4.94232,18.5532
13.58,2.9861400000000002,12.7121,16.2048,6.04248,4.02832,11.1313,18.3228,9.40247,4.95453,18.5562
13.6,2.9861400000000002,12.7121,16.2018,6.04401,4.02527,11.142000000000001,18.3228,9.40704,4.96216,18.5562
13.62,2.98767,12.7121,16.2003,6.04401,4.02527,11.1603,18.3228,9.40399,4.96368,18.5547
13.64,2.98462,12.7121,16.2048,6.04095,4.02679,11.1725,18.3243,9.40552,4.978940000000001,18.5455
13.66,2.97241,12.7106,16.2048,6.04248,4.02527,11.1923,18.3228,9.40247,4.9804699999999995,18.5425
13.68,2.9739400000000002,12.7121,16.2033,6.03943,4.02679,11.2061,18.3212,9.40552,4.99268,18.544
13.7,2.97241,12.6999,16.2033,6.04095,4.03748,11.2198,18.3243,9.40552,4.9896199999999995,18.541
13.72,2.9739400000000002,12.6999,16.2018,6.04248,4.039,11.2396,18.309,9.40552,4.99268,18.541
13.74,2.9739400000000002,12.6984,16.2003,6.04095,4.04205,11.2671,18.3105,9.40399,5.00183,18.5257
13.76,2.97241,12.6984,16.1911,6.03332,4.03748,11.2915,18.3105,9.40094,5.00488,18.5333
13.78,2.97546,12.6984,16.1911,6.02875,4.03748,11.3235,18.309,9.40247,5.01251,18.5287
13.8,2.9708900000000003,12.6968,16.1896,6.03027,4.04053,11.3541,18.3136,9.40704,5.0170900000000005,18.5303
13.82,2.97241,12.6999,16.1896,6.0257,4.04205,11.3876,18.3105,9.393310000000001,5.01556,18.5303
13.84,2.9708900000000003,12.6999,16.1911,6.03027,4.04358,11.4243,18.2999,9.39484,5.030819999999999,18.5318
13.86,2.97546,12.7014,16.1896,6.03027,4.03748,11.4624,18.2983,9.39178,5.027769999999999,18.5318
13.88,2.97241,12.6953,16.1926,6.02875,4.039,11.5005,18.2983,9.393310000000001,5.0293,18.5318
13.9,2.9769900000000002,12.6953,16.1774,6.03027,4.039,11.5479,18.2983,9.390260000000001,5.0415,18.5165
13.92,2.96936,12.6877,16.1804,6.0318,4.04053,11.589,18.2999,9.39178,5.04303,18.5196
13.94,2.97546,12.6862,16.1789,6.01654,4.03595,11.6348,18.2999,9.393310000000001,5.04456,18.5165
13.96,2.9708900000000003,12.6877,16.1774,6.01959,4.039,11.6714,18.2968,9.390260000000001,5.05218,18.5181
13.98,2.9708900000000003,12.6877,16.1743,6.02112,4.039,11.7218,18.3029,9.393310000000001,5.05218,18.5181
14.0,2.97241,12.6862,16.1789,6.02112,4.04053,11.7661,18.2999,9.396360000000001,5.05218,18.5196
14.02,2.96936,12.6877,16.1667,6.02112,4.05273,11.8149,18.2983,9.393310000000001,5.05371,18.5181
14.04,2.97546,12.6923,16.1667,6.02112,4.05121,11.8698,18.2983,9.39178,5.065919999999999,18.5181
14.06,2.9708900000000003,12.6877,16.1652,6.01349,4.05121,11.9247,18.2999,9.390260000000001,5.065919999999999,18.5104
14.08,2.9708900000000003,12.6862,16.1667,6.01807,4.05426,11.9781,18.2999,9.393310000000001,5.06439,18.5059
14.1,2.97241,12.6846,16.153,6.00586,4.04816,12.0377,18.2999,9.39178,5.06439,18.5089
14.12,2.97241,12.677,16.1545,6.00281,4.04968,12.0956,18.2983,9.37958,5.078119999999999,18.5074
14.14,2.97546,12.6755,16.156,6.00738,4.05121,12.1475,18.3014,9.38263,5.075069999999999,18.5089
14.16,2.9739400000000002,12.6755,16.1514,6.00433,4.05273,12.2086,18.2999,9.3811,5.07965,18.5028
